Muestra,Descripcion Muestra,Año,Atropello,Caída,Colisión,Choque,Volcadura,Otros ,Muertos,Lesionados Graves,Lesionados Menos Graves,Lesionados Leves,(Incorporar Otra Columna Si es Necesario)
Nacional,Nacional,2010,8.247,1.478,29.127,14.558,3.629,707,1.595,6.899,4.321,41.744,
Nacional,Nacional,2011,8.339,1.488,31.487,16.312,3.985,1.223,1.573,6.724,4.454,43.034,
Regional,XV Región Arica y Parinacota,2010,115,6,265,151,55,6,28,87,70,444,
Regional,XV Región Arica y Parinacota,2011,159,13,426,342,68,10,33,99,80,679,
Comunal,ARICA,2010,115,6,259,142,24,4,24,75,64,407,
Comunal,ARICA,2011,158,13,414,329,38,10,29,89,74,654,
Comunal,CAMARONES,2010,0,0,2,4,5,0,2,4,3,5,
Comunal,CAMARONES,2011,0,0,6,8,9,0,2,5,2,10,
Comunal,PUTRE,2010,0,0,4,5,26,2,2,8,3,32,
Comunal,PUTRE,2011,1,0,6,5,19,0,2,5,4,12,
Comunal,GENERAL LAGOS,2010,0,0,0,0,0,0,0,0,0,0,
Comunal,GENERAL LAGOS,2011,0,0,0,0,2,0,0,0,0,3,
Regional,I Región de Tarapacá,2010,168,6,397,134,158,7,32,142,110,957,
Regional,I Región de Tarapacá,2011,202,13,416,231,134,4,56,153,119,869,
Comunal,IQUIQUE,2010,108,5,247,71,22,1,7,70,37,488,
Comunal,IQUIQUE,2011,133,8,226,69,21,1,10,63,32,426,
Comunal,CAMINA,2010,0,0,0,2,0,0,0,0,0,6,
Comunal,CAMINA,2011,1,0,1,1,3,0,1,2,3,11,
Comunal,COLCHANE,2010,0,0,0,1,7,1,1,2,3,15,
Comunal,COLCHANE,2011,0,0,0,1,4,0,0,1,0,4,
Comunal,HUARA,2010,1,0,4,8,25,0,12,10,14,71,
Comunal,HUARA,2011,0,0,10,14,30,2,16,27,13,72,
Comunal,PICA,2010,0,0,4,2,25,1,0,8,4,39,
Comunal,PICA,2011,0,0,2,1,11,0,1,3,4,20,
Comunal,POZO ALMONTE,2010,8,0,23,4,57,2,10,25,20,99,
Comunal,POZO ALMONTE,2011,4,0,28,18,37,0,17,27,36,120,
Comunal,ALTO HOSPICIO,2010,51,1,119,46,22,2,2,27,32,239,
Comunal,ALTO HOSPICIO,2011,64,5,149,127,28,1,11,30,31,216,
Regional,II Región de Antofagasta,2010,290,32,949,454,199,14,67,250,154,1.883,
Regional,II Región de Antofagasta,2011,280,57,1.118,506,206,19,87,260,146,1.851,
Comunal,ANTOFAGASTA,2010,204,25,684,324,54,5,29,105,61,1.056,
Comunal,ANTOFAGASTA,2011,177,36,816,399,80,7,48,138,53,1.049,
Comunal,MEJILLONES,2010,3,0,13,13,13,1,4,30,6,25,
Comunal,MEJILLONES,2011,8,1,8,16,16,2,3,17,8,36,
Comunal,SIERRA GORDA,2010,0,0,4,6,23,0,0,5,4,39,
Comunal,SIERRA GORDA,2011,1,0,8,5,15,1,7,7,2,25,
Comunal,TALTAL,2010,4,2,14,8,41,2,6,15,13,94,
Comunal,TALTAL,2011,10,15,6,11,27,2,7,21,15,124,
Comunal,CALAMA,2010,73,2,226,90,32,2,9,71,58,596,
Comunal,CALAMA,2011,72,2,263,59,16,1,7,59,46,505,
Comunal,OLLAGUE,2010,0,0,0,0,0,0,0,0,0,0,
Comunal,OLLAGUE,2011,0,0,0,0,3,0,0,2,4,3,
Comunal,SAN PEDRO ATACAMA,2010,0,0,1,0,5,0,10,8,0,10,
Comunal,SAN PEDRO ATACAMA,2011,0,0,1,0,6,0,6,1,0,9,
Comunal,TOCOPILLA,2010,5,1,6,10,20,0,6,8,6,43,
Comunal,TOCOPILLA,2011,11,0,12,11,26,0,7,10,12,60,
Comunal,MARIA ELENA,2010,1,2,1,3,11,4,3,8,6,20,
Comunal,MARIA ELENA,2011,1,3,4,5,17,6,2,5,6,40,
Regional,III Región de Atacama,2010,91,6,274,141,124,13,26,131,78,725,
Regional,III Región de Atacama,2011,113,4,326,156,161,10,53,127,89,925,
Comunal,COPIAPO,2010,57,2,113,30,33,3,9,53,28,348,
Comunal,COPIAPO,2011,56,2,95,46,33,2,26,40,29,316,
Comunal,CALDERA,2010,1,0,4,2,2,1,6,4,2,7,
Comunal,CALDERA,2011,5,0,4,2,4,0,5,8,0,25,
Comunal,TIERRA AMARILLA,2010,1,0,1,1,1,0,2,4,2,6,
Comunal,TIERRA AMARILLA,2011,0,0,1,2,4,0,1,2,1,9,
Comunal,CHANARAL,2010,5,0,19,5,20,4,3,14,11,79,
Comunal,CHANARAL,2011,11,1,27,8,27,3,6,9,7,105,
Comunal,DIEGO DE ALMAGRO,2010,5,1,8,7,22,1,3,10,4,42,
Comunal,DIEGO DE ALMAGRO,2011,5,0,14,7,21,0,2,6,8,36,
Comunal,VALLENAR,2010,15,3,110,79,32,4,2,33,19,183,
Comunal,VALLENAR,2011,30,1,167,73,48,3,9,56,33,371,
Comunal,ALTO DEL CARMEN,2010,2,0,4,4,5,0,0,2,2,14,
Comunal,ALTO DEL CARMEN,2011,0,0,5,5,3,0,0,0,1,4,
Comunal,FREIRINA,2010,0,0,7,5,4,0,1,3,6,23,
Comunal,FREIRINA,2011,1,0,5,3,13,1,4,5,8,31,
Comunal,HUASCO,2010,5,0,8,8,5,0,0,8,4,23,
Comunal,HUASCO,2011,5,0,8,10,8,1,0,1,2,28,
Regional,IV Región de Coquimbo,2010,241,22,891,560,213,20,75,317,224,2.016,
Regional,IV Región de Coquimbo,2011,228,17,1.016,790,218,24,73,263,197,1.969,
Comunal,LA SERENA,2010,97,12,497,317,56,9,11,102,57,833,
Comunal,LA SERENA,2011,116,12,600,486,59,16,12,82,57,875,
Comunal,COQUIMBO,2010,54,6,208,109,29,1,15,81,53,457,
Comunal,COQUIMBO,2011,48,3,189,88,28,2,17,77,31,372,
Comunal,ANDACOLLO,2010,1,0,5,3,2,1,0,3,0,10,
Comunal,ANDACOLLO,2011,0,0,2,2,1,1,0,2,1,4,
Comunal,LA HIGUERA,2010,1,0,1,1,2,0,1,0,0,3,
Comunal,LA HIGUERA,2011,1,0,4,7,11,1,0,3,3,22,
Comunal,PAIGUANO,2010,0,0,0,1,4,0,1,0,0,6,
Comunal,PAIGUANO,2011,2,0,5,9,3,1,0,3,2,22,
Comunal,VICUNA,2010,5,0,21,14,15,4,3,20,15,79,
Comunal,VICUNA,2011,6,0,29,26,15,1,5,14,9,99,
Comunal,ILLAPEL,2010,10,0,25,32,13,1,4,6,10,58,
Comunal,ILLAPEL,2011,3,1,12,3,9,0,4,7,2,27,
Comunal,CANELA,2010,1,0,6,10,7,0,10,9,8,48,
Comunal,CANELA,2011,1,0,11,26,7,1,11,13,3,87,
Comunal,LOS VILOS,2010,4,0,12,17,12,1,4,8,2,48,
Comunal,LOS VILOS,2011,2,0,16,23,21,1,5,15,4,78,
Comunal,SALAMANCA,2010,1,0,6,1,5,0,4,2,2,14,
Comunal,SALAMANCA,2011,1,0,0,2,0,0,0,0,2,2,
Comunal,OVALLE,2010,56,3,93,44,49,2,13,67,62,381,
Comunal,OVALLE,2011,43,0,131,104,48,0,14,37,66,330,
Comunal,COMBARBALA,2010,3,0,3,2,5,0,0,6,4,14,
Comunal,COMBARBALA,2011,1,0,4,5,5,0,1,3,5,8,
Comunal,MONTE PATRIA,2010,6,1,9,7,11,1,7,10,7,48,
Comunal,MONTE PATRIA,2011,3,1,12,7,8,0,3,6,12,35,
Comunal,PUNITAQUI,2010,1,0,4,1,2,0,2,3,4,12,
Comunal,PUNITAQUI,2011,1,0,1,2,1,0,1,1,0,5,
Comunal,RIO HURTADO,2010,1,0,1,1,1,0,0,0,0,5,
Comunal,RIO HURTADO,2011,0,0,0,0,2,0,0,0,0,3,
Regional,V Región de Valparaíso,2010,931,153,3.122,2.301,402,114,134,785,441,5.196,
Regional,V Región de Valparaíso,2011,918,174,3.622,2.474,415,121,151,746,499,5.459,
Comunal,VALPARAISO,2010,226,47,686,499,41,33,7,118,39,843,
Comunal,VALPARAISO,2011,258,47,785,506,29,32,11,96,52,958,
Comunal,CASABLANCA,2010,10,0,75,82,32,4,9,33,40,144,
Comunal,CASABLANCA,2011,9,1,116,54,37,9,12,33,78,245,
Comunal,CONCON,2010,32,1,44,62,6,8,2,25,21,145,
Comunal,CONCON,2011,18,9,92,72,14,3,5,31,18,129,
Comunal,PUCHUNCAVI,2010,8,0,32,19,14,0,4,8,10,56,
Comunal,PUCHUNCAVI,2011,11,2,49,25,15,1,3,20,3,87,
Comunal,QUILPUE,2010,100,29,219,183,23,12,4,55,63,650,
Comunal,QUILPUE,2011,100,23,537,381,37,20,5,88,56,717,
Comunal,QUINTERO,2010,16,0,56,16,11,3,1,21,9,106,
Comunal,QUINTERO,2011,19,0,54,32,10,3,4,17,7,134,
Comunal,VILLA ALEMANA,2010,56,22,175,134,5,5,4,35,33,262,
Comunal,VILLA ALEMANA,2011,40,13,182,118,8,5,3,20,29,211,
Comunal,VINA DEL MAR,2010,128,18,410,278,28,8,18,104,34,533,
Comunal,VINA DEL MAR,2011,96,23,303,178,25,11,16,64,40,384,
Comunal,ISLA DE PASCUA,2010,3,0,14,7,13,3,1,11,8,41,
Comunal,ISLA DE PASCUA,2011,3,2,9,10,14,0,0,5,7,26,
Comunal,LOS ANDES,2010,41,1,224,146,21,6,8,26,21,246,
Comunal,LOS ANDES,2011,32,2,271,119,20,3,9,35,17,302,
Comunal,CALLE LARGA,2010,2,0,15,29,5,0,1,3,3,32,
Comunal,CALLE LARGA,2011,1,0,35,22,10,0,1,12,3,57,
Comunal,RINCONADA,2010,0,0,1,2,0,0,1,0,0,1,
Comunal,RINCONADA,2011,1,1,17,9,2,0,2,4,0,15,
Comunal,SAN ESTEBAN,2010,6,0,20,24,13,1,2,11,7,72,
Comunal,SAN ESTEBAN,2011,4,2,23,18,2,0,2,3,4,35,
Comunal,LA LIGUA,2010,14,4,33,24,10,1,1,20,8,132,
Comunal,LA LIGUA,2011,11,0,24,22,12,1,3,27,4,72,
Comunal,CABILDO,2010,7,0,11,15,6,0,5,7,11,40,
Comunal,CABILDO,2011,3,0,4,6,9,0,4,7,6,28,
Comunal,PAPUDO,2010,3,0,2,8,6,0,2,5,3,28,
Comunal,PAPUDO,2011,0,0,3,6,0,0,3,3,0,7,
Comunal,PETORCA,2010,2,0,3,6,4,0,2,3,6,17,
Comunal,PETORCA,2011,2,0,0,5,2,0,0,2,0,15,
Comunal,ZAPALLAR,2010,6,0,20,15,9,2,4,12,7,53,
Comunal,ZAPALLAR,2011,4,0,14,12,13,1,0,8,1,54,
Comunal,QUILLOTA,2010,40,4,152,50,14,0,6,35,3,362,
Comunal,QUILLOTA,2011,59,15,164,81,10,1,5,40,11,387,
Comunal,CALERA,2010,36,7,115,77,8,2,5,29,17,149,
Comunal,CALERA,2011,33,11,151,107,9,6,3,23,32,137,
Comunal,HIJUELAS,2010,8,1,27,27,5,1,1,20,6,67,
Comunal,HIJUELAS,2011,8,1,21,36,8,0,4,19,16,72,
Comunal,LA CRUZ,2010,4,0,9,8,4,0,1,6,1,36,
Comunal,LA CRUZ,2011,4,1,7,9,2,0,4,13,1,29,
Comunal,LIMACHE,2010,16,2,92,112,12,2,7,41,6,188,
Comunal,LIMACHE,2011,19,2,91,103,8,6,1,17,14,191,
Comunal,NOGALES,2010,7,0,23,19,10,0,5,12,4,37,
Comunal,NOGALES,2011,12,0,32,35,14,1,8,10,13,58,
Comunal,OLMUE,2010,4,0,30,31,11,5,0,9,5,49,
Comunal,OLMUE,2011,5,3,33,48,13,2,2,13,3,72,
Comunal,SAN ANTONIO,2010,87,6,289,281,36,6,13,60,33,338,
Comunal,SAN ANTONIO,2011,80,6,258,270,35,8,12,42,27,398,
Comunal,ALGARROBO,2010,3,1,28,21,1,0,2,1,2,42,
Comunal,ALGARROBO,2011,5,0,44,29,9,2,1,4,3,58,
Comunal,CARTAGENA,2010,11,0,19,20,15,0,3,6,3,64,
Comunal,CARTAGENA,2011,11,2,22,22,9,0,1,7,9,51,
Comunal,EL QUISCO,2010,0,0,0,0,0,1,0,0,0,1,
Comunal,EL QUISCO,2011,4,0,0,0,0,0,4,0,0,3,
Comunal,EL TABO,2010,4,0,9,4,0,0,0,1,0,18,
Comunal,EL TABO,2011,3,0,8,5,1,0,2,2,2,8,
Comunal,SANTO DOMINGO,2010,2,0,7,4,4,0,1,4,4,15,
Comunal,SANTO DOMINGO,2011,1,0,12,16,4,1,1,5,0,39,
Comunal,SAN FELIPE,2010,27,8,196,50,8,7,4,30,14,255,
Comunal,SAN FELIPE,2011,43,3,203,56,16,4,3,38,23,333,
Comunal,CATEMU,2010,3,0,14,2,4,0,1,2,3,23,
Comunal,CATEMU,2011,2,0,6,6,5,0,1,6,2,17,
Comunal,LLAILLAY,2010,12,2,37,20,17,0,3,15,4,77,
Comunal,LLAILLAY,2011,7,0,17,33,5,1,8,7,4,48,
Comunal,PANQUEHUE,2010,0,0,10,9,0,3,3,3,1,16,
Comunal,PANQUEHUE,2011,4,1,10,6,3,0,2,6,4,37,
Comunal,PUTAENDO,2010,5,0,11,10,3,1,3,6,2,26,
Comunal,PUTAENDO,2011,4,3,11,3,3,0,3,12,4,17,
Comunal,SANTA MARIA,2010,2,0,14,7,3,0,0,8,10,32,
Comunal,SANTA MARIA,2011,2,1,14,14,2,0,3,7,6,28,
Regional,VI Región del Lib. Bdo. O´Higgins,2010,404,49,1.654,1.026,239,36,134,429,361,2.195,
Regional,VI Región del Lib. Bdo. O´Higgins,2011,371,32,1.832,1.022,234,51,135,389,305,2.099,
Comunal,RANCAGUA,2010,196,31,945,641,42,14,22,120,107,999,
Comunal,RANCAGUA,2011,160,22,1.079,601,54,36,20,118,108,869,
Comunal,CODEGUA,2010,1,0,1,2,1,1,1,0,6,6,
Comunal,CODEGUA,2011,3,0,5,3,3,0,3,4,1,8,
Comunal,COINCO,2010,1,0,0,4,2,0,2,1,0,1,
Comunal,COINCO,2011,0,0,4,7,1,0,0,1,0,9,
Comunal,COLTAUCO,2010,4,0,6,0,1,1,3,8,3,5,
Comunal,COLTAUCO,2011,2,0,7,2,0,1,1,6,2,21,
Comunal,DONIHUE,2010,1,0,4,2,0,0,2,0,1,0,
Comunal,DONIHUE,2011,1,0,2,1,0,0,3,0,0,1,
Comunal,GRANEROS,2010,11,0,66,42,16,3,7,12,13,76,
Comunal,GRANEROS,2011,6,0,62,20,11,0,4,8,10,82,
Comunal,LAS CABRAS,2010,8,0,26,16,10,1,4,13,23,38,
Comunal,LAS CABRAS,2011,16,1,42,27,8,1,8,30,27,89,
Comunal,MACHALI,2010,13,1,74,55,21,0,9,21,13,105,
Comunal,MACHALI,2011,8,2,47,33,17,0,3,13,3,81,
Comunal,MALLOA,2010,1,1,16,13,7,2,3,10,3,29,
Comunal,MALLOA,2011,11,1,21,8,10,0,6,9,8,37,
Comunal,MOSTAZAL,2010,3,0,7,1,1,2,2,2,0,6,
Comunal,MOSTAZAL,2011,7,0,28,13,8,1,6,10,5,32,
Comunal,OLIVAR,2010,11,0,18,11,1,2,3,7,4,19,
Comunal,OLIVAR,2011,3,0,28,12,3,0,0,1,3,31,
Comunal,PEUMO,2010,7,0,28,9,2,1,4,11,3,33,
Comunal,PEUMO,2011,5,2,17,11,4,2,2,9,7,35,
Comunal,PICHIDEGUA,2010,1,0,6,3,3,0,4,1,2,7,
Comunal,PICHIDEGUA,2011,4,0,14,6,2,0,4,8,3,22,
Comunal,QUINTA DE TILCOCO,2010,5,1,10,6,1,0,1,4,5,23,
Comunal,QUINTA DE TILCOCO,2011,3,0,17,11,1,0,2,6,5,17,
Comunal,RENGO,2010,20,0,76,32,13,1,7,27,7,103,
Comunal,RENGO,2011,37,1,143,73,15,2,11,38,18,160,
Comunal,REQUINOA,2010,7,0,36,15,11,0,7,15,4,56,
Comunal,REQUINOA,2011,13,0,45,36,8,0,13,13,10,62,
Comunal,SAN VICENTE,2010,25,4,81,38,8,2,11,38,29,110,
Comunal,SAN VICENTE,2011,23,1,77,37,9,2,12,27,27,108,
Comunal,PICHILEMU,2010,11,1,33,43,9,2,3,8,15,68,
Comunal,PICHILEMU,2011,9,0,29,35,9,3,1,6,5,44,
Comunal,LA ESTRELLA,2010,0,0,1,0,1,0,2,1,0,0,
Comunal,LA ESTRELLA,2011,0,0,1,1,0,0,0,0,0,2,
Comunal,LITUECHE,2010,1,0,9,5,9,0,0,4,5,17,
Comunal,LITUECHE,2011,2,0,11,9,12,1,1,6,5,30,
Comunal,MARCHIHUE,2010,2,1,7,1,6,0,1,4,5,12,
Comunal,MARCHIHUE,2011,1,0,6,11,7,0,6,8,5,15,
Comunal,NAVIDAD,2010,0,0,0,5,3,0,1,1,1,4,
Comunal,NAVIDAD,2011,1,0,2,1,0,0,0,2,0,8,
Comunal,PAREDONES,2010,0,0,5,5,11,0,0,2,3,14,
Comunal,PAREDONES,2011,1,0,10,6,12,0,2,4,1,30,
Comunal,SAN FERNANDO,2010,22,5,73,16,10,1,10,32,28,145,
Comunal,SAN FERNANDO,2011,18,0,48,17,7,1,4,16,9,84,
Comunal,CHEPICA,2010,5,1,14,5,2,1,2,8,9,30,
Comunal,CHEPICA,2011,2,1,5,3,0,0,1,5,2,12,
Comunal,CHIMBARONGO,2010,7,1,10,13,8,0,11,26,14,22,
Comunal,CHIMBARONGO,2011,1,0,12,3,3,0,4,4,6,18,
Comunal,LOLOL,2010,2,0,6,9,7,0,0,4,2,37,
Comunal,LOLOL,2011,1,1,10,3,4,0,1,5,4,22,
Comunal,NANCAGUA,2010,1,0,11,2,4,0,1,3,3,15,
Comunal,NANCAGUA,2011,3,0,6,3,1,0,4,2,6,8,
Comunal,PALMILLA,2010,4,0,9,1,2,1,2,5,2,18,
Comunal,PALMILLA,2011,6,0,5,7,6,0,4,6,7,31,
Comunal,PERALILLO,2010,4,0,5,4,6,0,3,4,8,13,
Comunal,PERALILLO,2011,1,0,0,2,1,0,1,1,1,3,
Comunal,PLACILLA,2010,3,0,13,4,3,0,0,13,6,29,
Comunal,PLACILLA,2011,0,0,6,1,0,0,0,6,0,4,
Comunal,PUMANQUE,2010,1,0,2,2,4,0,1,2,7,14,
Comunal,PUMANQUE,2011,0,0,1,1,1,1,3,3,0,4,
Comunal,SANTA CRUZ,2010,26,2,56,21,14,1,5,22,30,141,
Comunal,SANTA CRUZ,2011,23,0,42,18,17,0,5,14,17,120,
Regional,VII Región del Maule,2010,501,60,2.278,1.308,344,50,165,490,340,2.827,
Regional,VII Región del Maule,2011,447,46,2.288,1.251,297,61,148,440,298,2.892,
Comunal,TALCA,2010,112,11,571,341,14,10,12,51,38,420,
Comunal,TALCA,2011,87,15,424,158,12,5,20,31,19,368,
Comunal,CONSTITUCION,2010,23,2,64,27,18,0,8,24,26,122,
Comunal,CONSTITUCION,2011,33,1,46,17,13,1,5,18,40,115,
Comunal,CUREPTO,2010,2,0,10,9,11,2,2,11,12,31,
Comunal,CUREPTO,2011,1,0,4,0,1,0,1,1,1,3,
Comunal,EMPEDRADO,2010,1,0,2,1,1,0,1,1,1,3,
Comunal,EMPEDRADO,2011,0,0,3,0,2,0,0,0,5,5,
Comunal,MAULE,2010,4,0,31,12,6,1,4,8,4,31,
Comunal,MAULE,2011,3,0,26,14,4,0,5,12,3,43,
Comunal,PELARCO,2010,3,0,10,4,4,0,5,5,0,17,
Comunal,PELARCO,2011,0,0,12,0,1,0,0,3,4,15,
Comunal,PENCAHUE,2010,0,0,10,9,7,0,3,3,3,25,
Comunal,PENCAHUE,2011,0,0,6,5,1,0,1,1,0,4,
Comunal,RIO CLARO,2010,5,0,12,19,5,0,2,8,2,21,
Comunal,RIO CLARO,2011,3,1,7,1,8,0,2,14,9,47,
Comunal,SAN CLEMENTE,2010,16,3,71,47,11,0,11,24,14,72,
Comunal,SAN CLEMENTE,2011,18,1,69,59,18,2,6,24,18,110,
Comunal,SAN RAFAEL,2010,1,0,13,7,3,0,9,2,3,14,
Comunal,SAN RAFAEL,2011,3,0,6,6,2,0,5,2,3,5,
Comunal,CAUQUENES,2010,26,3,121,95,19,3,2,26,7,182,
Comunal,CAUQUENES,2011,23,2,116,84,24,0,8,49,4,180,
Comunal,CHANCO,2010,3,0,5,2,4,0,2,6,0,8,
Comunal,CHANCO,2011,1,0,16,6,3,0,1,3,1,25,
Comunal,PELLUHUE,2010,10,0,5,4,2,0,4,13,6,15,
Comunal,PELLUHUE,2011,3,0,7,10,6,1,2,6,2,21,
Comunal,CURICO,2010,98,12,400,207,25,5,17,55,30,492,
Comunal,CURICO,2011,83,9,534,256,28,37,17,61,34,498,
Comunal,HUALANE,2010,3,1,12,9,8,1,1,10,1,25,
Comunal,HUALANE,2011,3,0,14,10,8,0,3,9,6,45,
Comunal,LICANTEN,2010,5,0,18,5,5,1,0,14,7,25,
Comunal,LICANTEN,2011,6,0,21,23,14,1,0,10,5,51,
Comunal,MOLINA,2010,13,1,81,33,27,1,5,30,28,191,
Comunal,MOLINA,2011,18,1,75,32,13,2,6,24,25,118,
Comunal,RAUCO,2010,1,0,19,14,4,2,3,10,6,42,
Comunal,RAUCO,2011,2,0,18,14,3,0,1,3,1,29,
Comunal,ROMERAL,2010,3,1,14,9,12,0,1,12,5,43,
Comunal,ROMERAL,2011,8,0,26,11,14,0,7,12,6,76,
Comunal,SAGRADA FAMILIA,2010,4,1,16,4,4,1,4,3,5,18,
Comunal,SAGRADA FAMILIA,2011,3,1,6,2,1,0,0,4,1,11,
Comunal,TENO,2010,8,2,31,10,17,3,8,8,26,65,
Comunal,TENO,2011,7,2,30,13,16,2,3,7,12,70,
Comunal,VICHUQUEN,2010,2,0,13,10,10,0,0,6,6,23,
Comunal,VICHUQUEN,2011,0,0,9,7,6,0,1,4,3,14,
Comunal,LINARES,2010,88,15,455,242,31,9,10,72,50,469,
Comunal,LINARES,2011,76,5,487,262,34,8,10,61,46,500,
Comunal,COLBUN,2010,13,6,40,27,12,3,5,19,7,65,
Comunal,COLBUN,2011,7,0,34,29,2,0,4,9,5,39,
Comunal,LONGAVI,2010,15,1,38,40,24,3,8,15,11,90,
Comunal,LONGAVI,2011,8,3,42,50,7,1,9,12,10,76,
Comunal,PARRAL,2010,13,0,72,40,13,0,6,10,9,91,
Comunal,PARRAL,2011,19,0,77,60,15,0,7,12,11,113,
Comunal,RETIRO,2010,3,0,15,10,10,0,4,11,7,21,
Comunal,RETIRO,2011,4,1,11,15,11,0,6,14,5,68,
Comunal,SAN JAVIER,2010,18,0,82,46,20,3,20,22,14,121,
Comunal,SAN JAVIER,2011,18,3,111,66,19,1,7,23,13,177,
Comunal,VILLA ALEGRE,2010,7,0,25,15,12,1,7,7,7,48,
Comunal,VILLA ALEGRE,2011,3,0,13,14,5,0,7,3,1,27,
Comunal,YERBAS BUENAS,2010,1,1,22,10,5,1,1,4,5,37,
Comunal,YERBAS BUENAS,2011,7,1,38,27,6,0,4,8,5,39,
Regional,VIII Región del Bio-Bio,2010,1.169,164,2.753,1.435,528,79,230,1.056,680,5.856,
Regional,VII Región del Bio-Bio,2011,1.224,163,2.874,1.622,696,64,205,1.063,676,6.397,
Comunal,CONCEPCION,2010,285,60,450,313,34,14,25,167,62,1.082,
Comunal,CONCEPCION,2011,248,50,429,349,45,10,11,123,43,998,
Comunal,CORONEL,2010,55,4,64,35,12,3,12,50,58,235,
Comunal,CORONEL,2011,60,7,114,34,15,3,10,40,96,290,
Comunal,CHIGUAYANTE,2010,22,4,30,0,3,0,7,2,20,40,
Comunal,CHIGUAYANTE,2011,32,7,60,16,8,0,6,15,21,135,
Comunal,FLORIDA,2010,4,0,16,9,9,1,4,9,8,85,
Comunal,FLORIDA,2011,6,3,8,7,14,0,4,9,6,89,
Comunal,HUALQUI,2010,0,0,2,0,0,0,2,2,1,1,
Comunal,HUALQUI,2011,0,0,0,0,0,0,0,0,0,0,
Comunal,LOTA,2010,51,3,34,16,11,4,6,14,17,147,
Comunal,LOTA,2011,44,4,48,19,12,0,4,18,13,125,
Comunal,PENCO,2010,22,13,42,24,22,6,5,17,13,159,
Comunal,PENCO,2011,32,13,37,34,19,5,6,32,21,163,
Comunal,SAN PEDRO DE LA PAZ,2010,60,5,242,147,13,20,9,65,26,391,
Comunal,SAN PEDRO DE LA PAZ,2011,31,13,133,91,7,0,11,42,25,257,
Comunal,SANTA JUANA,2010,4,0,0,1,6,0,5,6,1,18,
Comunal,SANTA JUANA,2011,4,0,5,1,10,0,2,8,9,20,
Comunal,TALCAHUANO,2010,65,14,201,145,16,1,3,33,22,194,
Comunal,TALCAHUANO,2011,61,7,189,136,12,2,10,42,21,211,
Comunal,TOME,2010,33,3,62,35,13,1,8,9,28,141,
Comunal,TOME,2011,26,5,54,41,23,3,2,19,37,128,
Comunal,HUALPEN,2010,38,15,178,94,13,2,2,36,25,229,
Comunal,HUALPEN,2011,41,6,126,77,11,4,2,30,12,225,
Comunal,LEBU,2010,9,1,20,3,9,0,4,4,5,35,
Comunal,LEBU,2011,19,0,19,8,10,1,1,12,6,72,
Comunal,ARAUCO,2010,20,1,46,21,14,1,3,20,15,109,
Comunal,ARAUCO,2011,24,0,58,30,20,4,4,24,14,144,
Comunal,CANETE,2010,26,0,27,7,9,0,5,15,12,104,
Comunal,CANETE,2011,20,1,38,9,21,0,9,27,15,135,
Comunal,CONTULMO,2010,3,0,7,3,2,0,0,3,3,19,
Comunal,CONTULMO,2011,2,0,6,5,8,0,1,7,8,29,
Comunal,CURANILAHUE,2010,14,1,22,11,9,1,4,12,5,83,
Comunal,CURANILAHUE,2011,24,4,29,12,11,0,0,18,5,100,
Comunal,LOS ALAMOS,2010,17,0,20,6,11,0,1,23,6,51,
Comunal,LOS ALAMOS,2011,8,0,16,11,13,0,3,9,4,71,
Comunal,TIRUA,2010,3,0,15,0,5,0,2,9,4,38,
Comunal,TIRUA,2011,1,1,12,1,9,0,1,6,6,40,
Comunal,LOS ANGELES,2010,120,12,449,243,73,9,21,141,76,716,
Comunal,LOS ANGELES,2011,182,19,564,351,85,11,22,165,61,822,
Comunal,ANTUCO,2010,0,0,1,0,2,0,1,1,0,10,
Comunal,ANTUCO,2011,1,0,1,0,0,0,0,0,0,1,
Comunal,CABRERO,2010,9,1,21,7,15,0,11,24,22,57,
Comunal,CABRERO,2011,12,1,42,20,29,1,13,17,28,115,
Comunal,LAJA,2010,21,0,15,4,15,0,1,14,11,57,
Comunal,LAJA,2011,16,1,13,14,9,0,2,21,11,57,
Comunal,MULCHEN,2010,12,1,19,6,9,0,4,15,11,105,
Comunal,MULCHEN,2011,12,0,14,11,15,0,2,23,7,50,
Comunal,NACIMIENTO,2010,7,0,19,6,13,1,3,13,5,54,
Comunal,NACIMIENTO,2011,24,0,27,5,16,0,8,12,7,80,
Comunal,NEGRETE,2010,4,0,11,3,4,1,4,6,4,27,
Comunal,NEGRETE,2011,4,0,8,2,7,0,2,3,1,29,
Comunal,QUILACO,2010,0,0,1,2,2,0,0,3,0,7,
Comunal,QUILACO,2011,0,0,1,0,2,0,0,2,0,5,
Comunal,QUILLECO,2010,0,1,1,1,2,0,0,0,0,7,
Comunal,QUILLECO,2011,2,0,3,2,9,0,2,7,1,16,
Comunal,SAN ROSENDO,2010,0,0,0,0,0,0,0,0,0,0,
Comunal,SAN ROSENDO,2011,1,0,1,2,2,0,0,1,1,5,
Comunal,SANTA BARBARA,2010,1,1,3,2,2,0,0,2,3,8,
Comunal,SANTA BARBARA,2011,7,0,16,8,8,2,1,23,3,50,
Comunal,TUCAPEL,2010,3,0,3,2,0,0,3,2,0,6,
Comunal,TUCAPEL,2011,5,0,13,6,10,0,4,9,6,23,
Comunal,YUMBEL,2010,2,1,21,7,7,0,3,6,3,62,
Comunal,YUMBEL,2011,8,0,23,16,14,0,2,15,16,94,
Comunal,ALTO BIO BIO,2010,1,0,1,2,0,0,0,1,2,3,
Comunal,ALTO BIO BIO,2011,2,0,2,2,4,0,1,3,0,4,
Comunal,CHILLAN,2010,150,17,432,104,46,6,17,151,102,896,
Comunal,CHILLAN,2011,150,14,416,107,62,11,7,100,53,937,
Comunal,BULNES,2010,10,0,28,20,9,1,10,23,6,50,
Comunal,BULNES,2011,2,0,42,11,14,0,2,8,8,45,
Comunal,COBQUECURA,2010,0,0,3,4,3,0,0,5,3,11,
Comunal,COBQUECURA,2011,1,0,1,0,3,0,1,5,2,6,
Comunal,COELEMU,2010,4,0,8,3,6,0,0,6,5,25,
Comunal,COELEMU,2011,4,0,13,3,8,0,1,7,6,40,
Comunal,COIHUECO,2010,7,0,5,5,9,0,4,6,9,31,
Comunal,COIHUECO,2011,6,0,8,5,5,0,1,6,6,21,
Comunal,CHILLAN VIEJO,2010,8,1,34,8,9,2,2,19,6,72,
Comunal,CHILLAN VIEJO,2011,18,2,37,20,22,0,17,34,15,145,
Comunal,EL CARMEN,2010,5,0,6,19,4,0,0,8,6,22,
Comunal,EL CARMEN,2011,5,0,14,20,3,1,1,6,3,58,
Comunal,NINHUE,2010,3,1,6,1,5,0,2,6,4,20,
Comunal,NINHUE,2011,3,0,2,1,4,0,1,8,3,26,
Comunal,NIQUEN,2010,1,0,2,4,4,0,8,6,1,22,
Comunal,NIQUEN,2011,4,0,5,5,4,0,2,1,3,21,
Comunal,PEMUCO,2010,4,0,9,12,7,1,4,8,4,12,
Comunal,PEMUCO,2011,3,0,13,20,4,0,1,6,5,35,
Comunal,PINTO,2010,8,0,9,13,7,0,4,10,11,36,
Comunal,PINTO,2011,4,0,7,13,8,1,1,19,5,69,
Comunal,PORTEZUELO,2010,2,0,1,0,0,0,1,0,1,1,
Comunal,PORTEZUELO,2011,0,0,1,2,3,0,0,2,1,5,
Comunal,QUILLON,2010,6,0,23,6,5,0,4,7,3,47,
Comunal,QUILLON,2011,6,0,29,7,9,0,2,10,3,42,
Comunal,QUIRIHUE,2010,7,1,10,3,5,0,4,6,10,33,
Comunal,QUIRIHUE,2011,8,1,9,5,7,0,1,7,4,34,
Comunal,RANQUIL,2010,0,0,8,3,2,0,1,3,0,18,
Comunal,RANQUIL,2011,1,0,4,6,2,0,0,1,2,18,
Comunal,SAN CARLOS,2010,35,2,63,24,25,0,7,36,19,150,
Comunal,SAN CARLOS,2011,30,1,90,26,25,4,16,28,27,197,
Comunal,SAN FABIAN,2010,0,0,3,0,1,0,1,0,0,8,
Comunal,SAN FABIAN,2011,1,1,1,1,2,0,0,2,1,5,
Comunal,SAN IGNACIO,2010,2,0,17,9,8,0,1,5,5,35,
Comunal,SAN IGNACIO,2011,6,0,25,4,5,0,0,7,12,29,
Comunal,SAN NICOLAS,2010,2,0,11,6,4,2,2,8,7,25,
Comunal,SAN NICOLAS,2011,4,0,15,2,8,0,2,9,3,34,
Comunal,TREGUACO,2010,0,0,4,1,3,0,0,0,3,6,
Comunal,TREGUACO,2011,1,0,1,1,7,0,1,2,1,14,
Comunal,YUNGAY,2010,4,1,28,35,11,2,0,19,7,56,
Comunal,YUNGAY,2011,8,2,32,43,13,1,2,13,9,33,
Regional,IX Región de la Araucanía,2010,487,64,1.748,849,335,31,130,522,278,2.692,
Regional,IX Región de la Araucanía,2011,519,60,1.927,1.092,351,36,109,427,333,2.758,
Comunal,TEMUCO,2010,264,45,1.055,451,49,6,25,175,73,1.094,
Comunal,TEMUCO,2011,244,44,1.091,497,64,0,18,151,70,1.080,
Comunal,CARAHUE,2010,6,0,7,2,4,2,1,11,7,33,
Comunal,CARAHUE,2011,5,0,3,1,0,0,1,5,0,5,
Comunal,CUNCO,2010,2,0,6,4,4,0,1,7,6,6,
Comunal,CUNCO,2011,3,0,7,6,8,0,4,8,7,23,
Comunal,CURARREHUE,2010,4,0,3,3,8,2,0,7,7,17,
Comunal,CURARREHUE,2011,0,0,7,2,5,0,1,1,1,12,
Comunal,FREIRE,2010,13,0,19,10,10,1,15,16,14,116,
Comunal,FREIRE,2011,11,0,11,9,11,0,10,14,15,65,
Comunal,GALVARINO,2010,2,0,5,4,9,1,1,9,6,21,
Comunal,GALVARINO,2011,2,0,12,13,8,0,1,3,11,34,
Comunal,GORBEA,2010,1,0,9,11,6,0,0,4,5,19,
Comunal,GORBEA,2011,0,0,10,14,11,0,1,2,7,24,
Comunal,LAUTARO,2010,19,2,44,44,32,3,4,24,29,127,
Comunal,LAUTARO,2011,18,0,68,83,22,8,8,30,23,174,
Comunal,LONCOCHE,2010,9,0,29,22,13,0,4,17,4,54,
Comunal,LONCOCHE,2011,11,0,26,35,24,2,6,11,12,82,
Comunal,MELIPEUCO,2010,0,0,0,2,0,0,3,0,1,1,
Comunal,MELIPEUCO,2011,4,0,1,0,4,0,2,1,6,4,
Comunal,NUEVA IMPERIAL,2010,11,2,27,7,8,1,7,22,13,61,
Comunal,NUEVA IMPERIAL,2011,10,1,20,8,9,1,10,16,13,81,
Comunal,PADRE LAS CASAS,2010,11,1,25,19,7,1,7,35,15,49,
Comunal,PADRE LAS CASAS,2011,19,1,31,23,15,0,8,34,28,72,
Comunal,PERQUENCO,2010,3,0,3,8,2,0,0,8,3,14,
Comunal,PERQUENCO,2011,2,0,11,19,5,0,0,8,4,54,
Comunal,PITRUFQUEN,2010,13,1,13,7,6,0,8,5,2,42,
Comunal,PITRUFQUEN,2011,10,0,9,8,4,0,5,2,2,23,
Comunal,PUCON,2010,14,1,68,41,9,3,6,12,8,94,
Comunal,PUCON,2011,21,1,103,56,14,8,2,11,16,115,
Comunal,SAAVEDRA,2010,0,0,2,1,3,0,1,3,3,6,
Comunal,SAAVEDRA,2011,4,0,0,2,0,0,1,0,2,11,
Comunal,TEODORO SCHMIDT,2010,2,0,3,3,6,0,3,3,2,28,
Comunal,TEODORO SCHMIDT,2011,0,0,3,0,1,0,2,0,0,3,
Comunal,TOLTEN,2010,0,0,0,1,0,0,1,2,0,0,
Comunal,TOLTEN,2011,4,0,5,0,4,0,1,0,4,8,
Comunal,VILCUN,2010,4,1,10,5,6,0,6,17,8,18,
Comunal,VILCUN,2011,6,0,15,7,5,0,3,12,13,38,
Comunal,VILLARRICA,2010,28,7,97,55,32,4,4,46,19,268,
Comunal,VILLARRICA,2011,36,4,83,73,24,1,4,27,25,215,
Comunal,CHOL CHOL,2010,3,0,2,1,4,0,4,3,1,9,
Comunal,CHOL CHOL,2011,2,0,1,1,1,0,2,0,0,3,
Comunal,ANGOL,2010,26,0,166,69,19,2,3,24,9,161,
Comunal,ANGOL,2011,45,6,213,105,17,6,1,22,14,231,
Comunal,COLLIPULLI,2010,5,2,16,12,20,0,4,6,4,69,
Comunal,COLLIPULLI,2011,12,0,53,25,12,2,6,16,11,66,
Comunal,CURACAUTIN,2010,5,0,17,3,13,2,1,10,7,61,
Comunal,CURACAUTIN,2011,5,0,18,6,21,0,3,16,8,72,
Comunal,ERCILLA,2010,1,0,5,2,5,0,4,13,4,68,
Comunal,ERCILLA,2011,5,0,4,7,0,1,2,3,1,15,
Comunal,LONQUIMAY,2010,7,0,4,5,5,0,1,1,3,32,
Comunal,LONQUIMAY,2011,0,0,6,6,8,1,0,2,3,34,
Comunal,LOS SAUCES,2010,1,0,10,3,3,0,0,3,1,21,
Comunal,LOS SAUCES,2011,0,1,9,7,5,1,2,6,2,25,
Comunal,LUMACO,2010,2,0,1,1,5,0,4,3,2,5,
Comunal,LUMACO,2011,1,0,2,1,3,0,0,1,6,10,
Comunal,PUREN,2010,6,0,10,5,7,0,3,3,4,25,
Comunal,PUREN,2011,1,0,11,15,5,0,0,1,3,16,
Comunal,RENAICO,2010,3,1,14,4,4,0,1,10,4,21,
Comunal,RENAICO,2011,6,0,6,6,5,2,2,3,3,21,
Comunal,TRAIGUEN,2010,5,0,9,1,11,1,1,6,8,35,
Comunal,TRAIGUEN,2011,10,0,12,2,7,0,2,6,11,24,
Comunal,VICTORIA,2010,17,1,69,43,25,2,7,17,6,117,
Comunal,VICTORIA,2011,22,2,76,55,29,3,1,15,12,118,
Regional,XIV Región de Los Ríos,2010,251,18,423,176,113,12,35,152,141,1.084,
Regional,XIV Región de Los Ríos,2011,192,14,612,235,125,2,40,142,174,1.192,
Comunal,VALDIVIA,2010,148,14,268,87,23,8,8,78,31,562,
Comunal,VALDIVIA,2011,95,12,433,135,30,0,7,56,35,539,
Comunal,CORRAL,2010,0,0,1,1,1,0,0,0,1,5,
Comunal,CORRAL,2011,1,0,5,1,4,0,0,3,1,10,
Comunal,LANCO,2010,10,0,7,3,5,0,3,9,1,48,
Comunal,LANCO,2011,9,0,11,6,5,0,5,16,12,33,
Comunal,LOS LAGOS,2010,22,0,11,11,12,1,4,12,16,46,
Comunal,LOS LAGOS,2011,13,0,15,14,9,0,6,2,34,44,
Comunal,MAFIL,2010,1,0,5,3,8,0,1,5,5,20,
Comunal,MAFIL,2011,2,0,6,5,9,0,2,9,5,44,
Comunal,MARIQUINA,2010,7,0,17,8,11,0,6,8,16,75,
Comunal,MARIQUINA,2011,6,0,7,4,14,0,3,4,9,58,
Comunal,PAILLACO,2010,4,0,17,22,11,2,1,0,17,56,
Comunal,PAILLACO,2011,4,1,21,22,11,2,2,9,20,58,
Comunal,PANGUIPULLI,2010,18,2,14,6,11,0,3,13,11,46,
Comunal,PANGUIPULLI,2011,17,0,24,6,17,0,5,12,15,125,
Comunal,LA UNION,2010,27,1,47,20,17,0,3,11,21,138,
Comunal,LA UNION,2011,29,1,48,25,10,0,6,9,16,122,
Comunal,FUTRONO,2010,3,0,8,6,3,0,1,7,14,11,
Comunal,FUTRONO,2011,5,0,6,6,2,0,0,11,13,52,
Comunal,LAGO RANCO,2010,0,0,3,3,5,0,0,1,2,16,
Comunal,LAGO RANCO,2011,3,0,5,5,0,0,1,4,1,26,
Comunal,RIO BUENO,2010,11,1,25,6,6,1,5,8,6,61,
Comunal,RIO BUENO,2011,8,0,31,6,14,0,3,7,13,81,
Regional,X Región de Los Lagos,2010,544,36,1.082,638,250,35,96,384,228,2.279,
Regional,X Región de Los Lagos,2011,572,29,1.296,740,280,48,85,418,251,2.332,
Comunal,PUERTO MONTT,2010,218,14,463,277,39,11,25,126,66,754,
Comunal,PUERTO MONTT,2011,213,7,456,271,29,10,19,121,56,675,
Comunal,CALBUCO,2010,10,0,5,0,8,0,7,11,6,14,
Comunal,CALBUCO,2011,10,0,10,2,9,1,4,18,10,63,
Comunal,COCHAMO,2010,1,0,3,0,0,0,0,1,1,1,
Comunal,COCHAMO,2011,1,0,2,0,0,0,0,0,1,1,
Comunal,FRESIA,2010,2,1,5,4,1,0,0,0,0,3,
Comunal,FRESIA,2011,4,0,4,7,9,0,1,5,8,19,
Comunal,FRUTILLAR,2010,4,0,14,10,11,0,2,6,7,17,
Comunal,FRUTILLAR,2011,11,0,32,23,16,1,1,11,15,56,
Comunal,LOS MUERMOS,2010,10,0,20,15,13,0,5,23,8,42,
Comunal,LOS MUERMOS,2011,3,0,9,4,6,2,0,13,11,12,
Comunal,LLANQUIHUE,2010,6,0,9,1,3,0,2,5,2,17,
Comunal,LLANQUIHUE,2011,4,0,7,13,11,0,0,12,7,43,
Comunal,MAULLIN,2010,1,0,5,2,7,0,0,4,2,21,
Comunal,MAULLIN,2011,2,1,14,3,2,0,2,8,2,27,
Comunal,PUERTO VARAS,2010,19,0,44,18,15,1,10,24,6,78,
Comunal,PUERTO VARAS,2011,16,0,43,25,15,0,4,19,12,91,
Comunal,CASTRO,2010,49,4,92,104,15,3,3,32,17,218,
Comunal,CASTRO,2011,62,4,154,80,25,21,2,27,16,228,
Comunal,ANCUD,2010,44,1,67,33,22,0,1,19,16,180,
Comunal,ANCUD,2011,41,4,69,47,19,0,3,20,15,145,
Comunal,CHONCHI,2010,5,0,5,4,6,0,3,7,9,32,
Comunal,CHONCHI,2011,1,0,3,3,1,0,1,6,1,7,
Comunal,CURACO DE VELEZ,2010,1,1,2,2,1,0,1,4,1,4,
Comunal,CURACO DE VELEZ,2011,1,0,4,5,2,0,0,1,0,16,
Comunal,DALCAHUE,2010,6,1,5,6,8,0,0,6,5,43,
Comunal,DALCAHUE,2011,5,0,18,3,12,1,10,7,5,47,
Comunal,PUQUELDON,2010,0,0,2,1,3,0,1,1,1,9,
Comunal,PUQUELDON,2011,0,0,1,0,0,0,0,0,0,1,
Comunal,QUEILEN,2010,0,0,0,0,0,0,0,0,0,0,
Comunal,QUEILEN,2011,1,0,0,0,4,0,0,0,0,10,
Comunal,QUELLON,2010,15,1,22,37,3,0,3,8,13,42,
Comunal,QUELLON,2011,18,0,14,18,4,0,5,10,9,33,
Comunal,QUEMCHI,2010,1,0,6,0,2,0,0,3,1,15,
Comunal,QUEMCHI,2011,3,0,3,2,5,0,2,3,1,13,
Comunal,QUINCHAO,2010,2,0,0,0,0,0,1,2,0,0,
Comunal,QUINCHAO,2011,0,0,0,0,0,0,0,0,0,0,
Comunal,OSORNO,2010,126,12,264,88,36,13,17,57,41,565,
Comunal,OSORNO,2011,153,11,388,172,34,9,13,84,37,578,
Comunal,PUERTO OCTAY,2010,3,0,4,4,13,0,5,12,8,44,
Comunal,PUERTO OCTAY,2011,3,0,8,7,13,0,5,9,8,48,
Comunal,PURRANQUE,2010,9,0,21,8,13,2,2,10,5,59,
Comunal,PURRANQUE,2011,6,1,20,13,10,0,1,6,3,48,
Comunal,PUYEHUE,2010,0,0,3,3,1,0,0,6,0,13,
Comunal,PUYEHUE,2011,7,0,5,2,8,1,5,6,4,16,
Comunal,RIO NEGRO,2010,5,1,7,15,4,2,3,4,4,34,
Comunal,RIO NEGRO,2011,1,0,14,14,11,1,1,11,5,61,
Comunal,SAN JUAN DE LA COSTA,2010,1,0,3,0,4,0,3,2,2,8,
Comunal,SAN JUAN DE LA COSTA,2011,1,0,4,8,7,0,1,4,3,23,
Comunal,SAN PABLO,2010,2,0,6,2,14,2,2,7,1,31,
Comunal,SAN PABLO,2011,0,1,10,10,10,1,0,7,6,51,
Comunal,CHAITEN,2010,0,0,0,0,0,0,0,0,0,0,
Comunal,CHAITEN,2011,1,0,0,1,5,0,0,4,0,6,
Comunal,FUTALEUFU,2010,0,0,2,0,1,0,0,2,0,6,
Comunal,FUTALEUFU,2011,0,0,0,1,1,0,2,1,0,2,
Comunal,HUALAIHUE,2010,4,0,3,2,7,1,0,1,6,27,
Comunal,HUALAIHUE,2011,3,0,4,4,9,0,1,2,15,10,
Comunal,PALENA,2010,0,0,0,2,0,0,0,1,0,2,
Comunal,PALENA,2011,1,0,0,2,3,0,2,3,1,2,
Regional,XI Región de Aysén,2010,96,3,249,188,78,4,8,50,35,379,
Regional,XI Región de Aysén,2011,76,0,264,169,88,1,16,72,43,387,
Comunal,COIHAIQUE,2010,77,3,211,166,53,0,6,32,15,284,
Comunal,COIHAIQUE,2011,60,0,232,161,53,1,12,56,29,271,
Comunal,LAGO VERDE,2010,0,0,2,1,0,0,0,0,0,5,
Comunal,LAGO VERDE,2011,1,0,0,0,0,0,0,0,0,1,
Comunal,AISEN,2010,16,0,23,11,14,3,1,11,11,57,
Comunal,AISEN,2011,12,0,19,3,9,0,2,7,9,55,
Comunal,CISNES,2010,3,0,3,2,4,1,1,4,5,12,
Comunal,CISNES,2011,2,0,3,2,6,0,0,1,1,14,
Comunal,COCHRANE,2010,0,0,5,3,5,0,0,1,2,12,
Comunal,COCHRANE,2011,1,0,6,3,5,0,1,4,4,26,
Comunal,O'Higgins,2010,0,0,0,0,0,0,0,0,0,0,
Comunal,O'Higgins,2011,0,0,0,0,1,0,0,0,0,2,
Comunal,TORTEL,2010,0,0,1,0,0,0,0,1,0,3,
Comunal,TORTEL,2011,0,0,0,0,0,0,0,0,0,0,
Comunal,CHILE CHICO,2010,0,0,1,1,1,0,0,0,1,2,
Comunal,CHILE CHICO,2011,0,0,1,0,0,0,1,0,0,0,
Comunal,RIO IBANEZ,2010,0,0,3,4,1,0,0,1,1,4,
Comunal,RIO IBANEZ,2011,0,0,3,0,14,0,0,4,0,18,
Regional,XII Región de Magallanes,2010,125,3,598,400,116,17,18,88,64,832,
Regional,XII Región de Magallanes,2011,139,2,411,329,99,40,22,117,44,884,
Comunal,PUNTA ARENAS,2010,113,3,550,339,39,14,7,56,49,636,
Comunal,PUNTA ARENAS,2011,124,2,358,265,35,32,14,78,31,651,
Comunal,LAGUNA BLANCA,2010,0,0,0,0,19,1,2,9,3,27,
Comunal,LAGUNA BLANCA,2011,1,0,0,1,12,1,0,7,0,21,
Comunal,SAN GREGORIO,2010,0,0,2,0,13,0,5,6,1,38,
Comunal,SAN GREGORIO,2011,0,0,4,0,9,2,7,8,1,23,
Comunal,CABO DE HORNOS,2010,0,0,0,0,1,0,0,0,0,1,
Comunal,CABO DE HORNOS,2011,1,0,0,0,0,0,0,0,1,0,
Comunal,PORVENIR,2010,2,0,4,0,7,0,0,5,2,19,
Comunal,PORVENIR,2011,0,0,2,3,14,1,0,6,3,28,
Comunal,PRIMAVERA,2010,0,0,0,0,3,0,2,0,0,7,
Comunal,PRIMAVERA,2011,0,0,0,0,3,0,0,2,0,2,
Comunal,TIMAUKEL,2010,0,0,0,0,0,0,0,0,0,0,
Comunal,TIMAUKEL,2011,0,0,1,0,1,0,0,0,0,3,
Comunal,NATALES,2010,10,0,42,61,29,2,2,11,8,98,
Comunal,NATALES,2011,13,0,45,59,20,4,1,14,8,148,
Comunal,TORRES DEL PAINE,2010,0,0,0,0,5,0,0,1,1,6,
Comunal,TORRES DEL PAINE,2011,0,0,1,1,5,0,0,2,0,8,
Regional,Región Metropolitana,2010,2.834,856,12.444,4.797,475,269,417,2.016,1.117,12.379,
Regional,Región Metropolitana,2011,2.899,864,13.059,5.353,613,732,360,2.008,1.200,12.341,
Comunal,SANTIAGO,2010,338,155,1.050,654,18,16,22,105,45,1.223,
Comunal,SANTIAGO,2011,437,141,1.325,715,18,31,36,178,83,1.280,
Comunal,CERRILLOS,2010,14,12,193,54,8,3,4,13,11,152,
Comunal,CERRILLOS,2011,23,9,276,88,20,5,6,13,11,191,
Comunal,CERRO NAVIA,2010,54,21,165,56,4,3,7,45,21,160,
Comunal,CERRO NAVIA,2011,40,8,193,70,8,6,3,34,29,156,
Comunal,CONCHALI,2010,40,12,209,32,5,4,3,47,10,125,
Comunal,CONCHALI,2011,76,14,355,28,8,1,5,67,22,266,
Comunal,EL BOSQUE,2010,36,5,229,90,3,11,10,37,18,148,
Comunal,EL BOSQUE,2011,43,5,243,72,1,13,6,14,6,172,
Comunal,ESTACION CENTRAL,2010,70,34,206,65,1,1,11,55,30,162,
Comunal,ESTACION CENTRAL,2011,68,26,258,62,2,6,12,54,27,198,
Comunal,HUECHURABA,2010,19,6,132,50,3,3,3,14,3,102,
Comunal,HUECHURABA,2011,27,9,209,48,12,8,4,22,3,116,
Comunal,INDEPENDENCIA,2010,26,10,179,92,4,4,7,14,2,104,
Comunal,INDEPENDENCIA,2011,40,24,201,72,6,8,3,18,9,150,
Comunal,LA CISTERNA,2010,70,13,403,169,2,56,5,41,12,292,
Comunal,LA CISTERNA,2011,57,7,333,169,8,65,4,39,13,296,
Comunal,LA FLORIDA,2010,193,43,1.005,430,20,19,11,108,51,800,
Comunal,LA FLORIDA,2011,118,12,548,159,12,8,15,75,40,381,
Comunal,LA GRANJA,2010,45,11,80,23,4,1,9,29,7,148,
Comunal,LA GRANJA,2011,59,9,128,32,3,9,8,46,20,216,
Comunal,LA PINTANA,2010,66,10,270,26,10,1,13,60,18,178,
Comunal,LA PINTANA,2011,58,23,306,45,11,1,9,63,26,233,
Comunal,LA REINA,2010,48,9,131,20,5,2,3,43,16,190,
Comunal,LA REINA,2011,33,11,206,58,9,1,4,42,18,153,
Comunal,LAS CONDES,2010,93,33,568,153,15,5,7,98,32,497,
Comunal,LAS CONDES,2011,112,38,724,229,21,24,9,59,29,537,
Comunal,LO BARNECHEA,2010,43,4,144,81,7,4,3,22,5,131,
Comunal,LO BARNECHEA,2011,18,3,94,78,8,1,0,16,4,61,
Comunal,LO ESPEJO,2010,33,3,99,12,2,1,6,7,1,72,
Comunal,LO ESPEJO,2011,31,8,147,76,1,32,6,15,6,82,
Comunal,LO PRADO,2010,46,15,176,62,6,1,0,32,22,148,
Comunal,LO PRADO,2011,47,9,164,83,4,15,6,36,19,120,
Comunal,MACUL,2010,25,6,165,33,2,18,3,6,4,175,
Comunal,MACUL,2011,21,6,89,80,4,43,1,9,5,131,
Comunal,MAIPU,2010,159,75,854,464,31,5,17,62,63,1.153,
Comunal,MAIPU,2011,125,73,776,568,28,15,18,73,79,802,
Comunal,NUNOA,2010,135,44,649,265,28,12,9,102,55,790,
Comunal,NUNOA,2011,121,55,685,209,33,19,6,103,73,817,
Comunal,P. AGUIRRE CERDA,2010,40,5,113,23,3,1,1,12,7,104,
Comunal,P. AGUIRRE CERDA,2011,39,6,134,49,2,22,8,21,7,142,
Comunal,PENALOLEN,2010,89,10,296,59,5,1,11,59,29,229,
Comunal,PENALOLEN,2011,84,19,343,62,16,2,7,56,18,218,
Comunal,PROVIDENCIA,2010,80,17,150,26,2,1,9,83,41,153,
Comunal,PROVIDENCIA,2011,116,12,482,76,6,12,6,68,33,306,
Comunal,PUDAHUEL,2010,92,27,382,175,25,8,11,62,87,445,
Comunal,PUDAHUEL,2011,95,29,340,216,10,217,11,67,46,393,
Comunal,QUILICURA,2010,38,9,104,36,9,1,9,22,16,138,
Comunal,QUILICURA,2011,50,12,176,43,9,3,9,30,19,209,
Comunal,QUINTA NORMAL,2010,70,18,428,51,2,10,7,69,20,306,
Comunal,QUINTA NORMAL,2011,50,16,350,104,13,13,3,37,44,297,
Comunal,RECOLETA,2010,87,22,338,160,6,12,7,52,19,234,
Comunal,RECOLETA,2011,60,17,253,112,10,10,5,30,8,144,
Comunal,RENCA,2010,15,9,35,8,0,0,10,34,5,22,
Comunal,RENCA,2011,32,14,157,56,7,16,5,27,30,129,
Comunal,SAN JOAQUIN,2010,51,14,269,118,3,4,5,45,15,211,
Comunal,SAN JOAQUIN,2011,45,15,264,114,7,0,5,29,12,245,
Comunal,SAN MIGUEL,2010,36,14,261,97,2,0,9,8,4,205,
Comunal,SAN MIGUEL,2011,38,24,254,98,7,6,8,11,8,240,
Comunal,SAN RAMON,2010,18,16,72,16,0,1,4,14,2,100,
Comunal,SAN RAMON,2011,24,16,45,29,1,1,4,16,11,42,
Comunal,VITACURA,2010,61,11,415,182,26,1,5,57,23,322,
Comunal,VITACURA,2011,60,19,488,183,22,2,5,59,21,349,
Comunal,PUENTE ALTO,2010,257,67,1.136,235,21,5,21,175,75,886,
Comunal,PUENTE ALTO,2011,253,84,1.033,448,36,26,25,158,94,786,
Comunal,PIRQUE,2010,3,4,66,25,0,0,0,6,8,32,
Comunal,PIRQUE,2011,5,5,57,45,8,1,3,8,7,47,
Comunal,SAN JOSE DE MAIPO,2010,8,1,34,31,7,0,9,9,15,39,
Comunal,SAN JOSE DE MAIPO,2011,5,3,40,41,19,1,0,5,10,57,
Comunal,COLINA,2010,26,5,55,40,18,6,7,50,68,119,
Comunal,COLINA,2011,37,4,119,72,28,8,12,53,47,242,
Comunal,LAMPA,2010,13,0,41,15,11,0,10,23,24,52,
Comunal,LAMPA,2011,9,0,50,21,8,0,3,18,17,98,
Comunal,TILTIL,2010,6,0,15,10,14,2,7,9,9,52,
Comunal,TILTIL,2011,7,0,25,13,14,0,9,15,14,45,
Comunal,SAN BERNARDO,2010,44,13,280,52,14,4,19,29,19,255,
Comunal,SAN BERNARDO,2011,40,5,188,52,9,3,11,26,15,155,
Comunal,BUIN,2010,61,11,275,183,29,12,11,46,44,367,
Comunal,BUIN,2011,65,13,277,192,39,20,7,56,32,417,
Comunal,CALERA DE TANGO,2010,13,4,161,56,5,5,5,15,12,156,
Comunal,CALERA DE TANGO,2011,22,2,119,58,4,3,6,18,11,116,
Comunal,PAINE,2010,23,2,187,135,32,7,10,57,33,271,
Comunal,PAINE,2011,33,1,163,122,27,11,8,32,29,194,
Comunal,MELIPILLA,2010,1,0,13,11,4,2,12,8,7,32,
Comunal,MELIPILLA,2011,15,2,64,35,12,1,8,28,14,98,
Comunal,ALHUE,2010,3,0,0,0,0,0,3,0,0,0,
Comunal,ALHUE,2011,0,0,2,3,2,0,1,1,0,6,
Comunal,CURACAVI,2010,3,3,21,31,17,2,11,9,14,74,
Comunal,CURACAVI,2011,4,0,34,58,14,5,7,11,16,93,
Comunal,MARIA PINTO,2010,1,0,2,0,0,0,5,2,1,0,
Comunal,MARIA PINTO,2011,5,0,8,12,5,0,2,7,2,21,
Comunal,SAN PEDRO,2010,1,0,0,0,2,0,3,2,0,1,
Comunal,SAN PEDRO,2011,1,0,2,2,2,0,2,1,2,3,
Comunal,TALAGANTE,2010,46,15,116,77,18,4,31,59,27,279,
Comunal,TALAGANTE,2011,47,14,115,30,15,17,4,44,29,296,
Comunal,EL MONTE,2010,21,5,37,15,3,2,3,12,14,86,
Comunal,EL MONTE,2011,13,4,50,17,3,3,1,27,19,97,
Comunal,ISLA DE MAIPO,2010,11,4,58,20,6,2,3,15,12,112,
Comunal,ISLA DE MAIPO,2011,17,5,39,11,15,2,2,27,19,113,
Comunal,PADRE HURTADO,2010,16,13,36,29,4,1,1,7,10,98,
Comunal,PADRE HURTADO,2011,11,8,29,9,6,2,5,14,7,87,
Comunal,PENAFLOR,2010,47,16,141,50,9,5,5,26,31,249,
Comunal,PENAFLOR,2011,63,25,99,29,20,14,7,32,37,298,
